epoch,step,val_acc,val_loss
0,0,2586.7908265233186,0.621369292393804
