epoch,step,val_acc,val_loss
0,0,18.960867245494224,0.6013415103240415
