epoch,step,val_acc,val_loss
0,0,77.5700454711914,0.6174886401987566
