epoch,step,val_acc,val_loss
0,0,28.38971560884657,0.617447233930592
