epoch,step,val_acc,val_loss
0,0,2970.0446599931406,0.6259302634786353
