epoch,step,val_acc,val_loss
0,0,2838.971560884656,0.617447233930592
