epoch,step,val_acc,val_loss
0,0,83.68215942382812,0.6032837353934739
