epoch,step,val_acc,val_loss
0,0,3.8830454349517822,0.6968262195587158
