epoch,step,val_acc,val_loss
0,0,63.58499526977539,0.6249247193336487
