epoch,step,val_acc,val_loss
0,0,82.19462585449219,0.6104184199716105
