epoch,step,val_acc,val_loss
0,0,0.03897279500961304,0.696825385093689
