epoch,step,val_acc,val_loss
0,0,84.2803726196289,0.6020912580142349
