epoch,step,tr_acc,tr_loss,val_acc,val_loss
0,499,59.08203125,0.72176194190979,,
0,999,62.79296875,0.6887827515602112,,
0,1499,56.8359375,0.7283601760864258,,
0,1736,,,58.80691146850586,0.741244375705719
1,1999,59.9609375,0.7248335480690002,,
1,2499,59.9609375,0.6826732754707336,,
1,2999,59.08203125,0.7151350975036621,,
