epoch,step,val_acc,val_loss
0,0,5.291630268096924,0.5647165179252625
