epoch,step,val_acc,val_loss
0,0,79.25410461425781,0.6195834223050342
