epoch,step,val_acc,val_loss
0,0,25.86790826523315,0.621369292393804
