epoch,step,val_acc,val_loss
0,0,77.22740173339844,0.6180354682495377
