epoch,step,val_acc,val_loss
0,0,84.67689514160156,0.6013415103240415
