epoch,step,val_acc,val_loss
0,0,24.884115053857474,0.6174840993113137
