epoch,step,val_acc,val_loss
0,0,4097.093207349155,0.6269783997178384
