epoch,step,val_acc,val_loss
0,0,15.26372555113868,0.621369292393804
