epoch,step,val_acc,val_loss
0,0,2853.061851209346,0.6307739455324601
