epoch,step,val_acc,val_loss
0,0,79.4026107788086,0.6209192627963638
