epoch,step,val_acc,val_loss
0,0,80.1025390625,0.6174182103311958
