epoch,step,val_acc,val_loss
0,0,80.14109802246094,0.6174840993113137
