epoch,step,val_acc,val_loss
0,0,8.288318634033203,0.5895975828170776
