epoch,step,val_acc,val_loss
0,0,4257.537938316525,0.6198801392896367
