epoch,step,val_acc,val_loss
0,0,77.38062286376953,0.6194439660765049
