epoch,step,val_acc,val_loss
0,0,3.4919172165635413,0.6013415103240415
