epoch,step,val_acc,val_loss
0,0,78.23123168945312,0.6296832031486987
