epoch,step,val_acc,val_loss
0,0,4.892714023590088,0.5895975828170776
