epoch,step,val_acc,val_loss
0,0,3951.231593231359,0.652140113813967
