epoch,step,val_acc,val_loss
0,49,52.9609375,0.6941683888435364
1,99,54.8671875,0.6738471388816833
2,149,56.86328125,0.6701713800430298
