epoch,step,val_acc,val_loss
0,0,2488.411505385743,0.6174840993113137
