epoch,step,val_acc,val_loss
0,0,2809.302793336804,0.6195184939380907
