epoch,step,val_acc,val_loss
0,0,4146.59594367955,0.6197565650402007
