epoch,step,val_acc_ranker,val_loss_ranker
0,0,0.08533693850040436,0.3874705731868744
