epoch,step,val_acc,val_loss
0,0,1896.0867245494228,0.6013415103240415
