epoch,step,val_acc,val_loss
0,0,3.656874656677246,0.7322961091995239
