epoch,step,val_acc,val_loss
0,0,7.934758186340332,0.5726514458656311
