epoch,step,val_acc,val_loss
0,0,2578.8000660702173,0.6246300145208733
