epoch,step,val_acc,val_loss
0,0,4068.8627465198233,0.6192533241561131
