epoch,step,val_acc,val_loss
0,0,-4.6040342730515205,0.617447233930592
