epoch,step,val_acc,val_loss
0,0,84.71049499511719,0.6012081037484444
