epoch,step,val_acc,val_loss
0,0,79.92928314208984,0.616469377106564
