epoch,step,val_acc,val_loss
0,0,84.68278503417969,0.6013353421585526
