epoch,step,val_acc,val_loss
0,0,0.3050229311459779,0.6195184939380907
