epoch,step,val_dcg@10,val_loss
0,0,3.659562826156616,0.6971913576126099
