epoch,step,val_acc,val_loss
0,0,0.4470044672489166,0.5657453536987305
