epoch,step,val_acc,val_loss
0,0,77.7362289428711,0.6195521024827095
