epoch,step,val_TV_reward,val_loss_reward
0,0,18.164437136189576,0.6978483277385882
