epoch,step,val_acc,val_loss
0,0,28.093027933368038,0.6195184939380907
