epoch,step,val_acc,val_loss
0,0,10.74949306336594,0.6174840993113137
