epoch,step,tr_acc,tr_loss
0,499,73.2421875,0.6444877666287858
