epoch,step,val_acc,val_loss
0,0,62.6796875,0.6349761486053467
