epoch,step,val_acc,val_loss
0,0,80.17527770996094,0.6191426210832566
