epoch,step,val_dcg@10,val_loss
0,0,3.6646766662597656,0.7024055123329163
