epoch,step,val_acc,val_loss
0,0,8.977212905883789,0.5657453536987305
