epoch,step,val_acc,val_loss
0,0,4581.101970009295,0.6699867879105341
