epoch,step,tr_acc,tr_loss,val_acc,val_loss
0,499,73.2421875,0.6444877666287858,,
0,999,73.828125,0.6277065330115577,,
0,1499,78.125,0.6263230521838663,,
0,1737,,,78.279296875,0.6182523095641803
1,1999,78.3203125,0.6209271151451714,,
1,2499,76.5625,0.6163685416475271,,
1,2999,78.515625,0.6259425836425603,,
1,3475,,,79.42831420898438,0.6134628117732827
