epoch,step,val_acc,val_loss
0,0,5.293164253234863,0.5657453536987305
